id,nombre,apellido,email
1,Juan,Pérez,juan.perez@email.com
2,Ana,López,ana.lopez@email.com
3,Carlos,Gómez,carlos.gomez@email.com
4,María,Rodríguez,maria.rodriguez@email.com
5,José,López,jose.lopez@email.com
6,Laura,Fernández,laura.fernandez@email.com
7,Pedro,Cano,pedro.cano@gmail.com
8,Manuel,Alonso,manu.alonso@gmail.com
9,Lucas,Bono,lucas.bono@gmail.com
10,Abril,Comesaña,abril.comesaña@gmail.com
7,Pedro,Cano,pedro.cano@gmail.com
8,Manuel,Alonso,manu.alonso@gmail.com
9,Lucas,Bono,lucas.bono@gmail.com
10,Abril,Comesaña,abril.comesaña@gmail.com
7,Pedro,Cano,pedro.cano@gmail.com
8,Manuel,Alonso,manu.alonso@gmail.com
9,Lucas,Bono,lucas.bono@gmail.com
10,Abril,Comesaña,abril.comesaña@gmail.com
7,Pedro,Cano,pedro.cano@gmail.com
8,Manuel,Alonso,manu.alonso@gmail.com
9,Lucas,Bono,lucas.bono@gmail.com
10,Abril,Comesaña,abril.comesaña@gmail.com
8,Manuel,Alonso,manu.alonso@gmail.com
9,Lucas,Bono,lucas.bono@gmail.com
10,Abril,Comesaña,abril.comesaña@gmail.com
7,Pedro,Cano,pedro.cano@gmail.com
7,Pedro,Cano,pedro.cano@gmail.com
8,Manuel,Alonso,manu.alonso@gmail.com
9,Lucas,Bono,lucas.bono@gmail.com
10,Abril,Comesaña,abril.comesaña@gmail.com
8,Manuel,Alonso,manu.alonso@gmail.com
7,Pedro,Cano,pedro.cano@gmail.com9,Lucas,Bono,lucas.bono@gmail.com

10,Abril,Comesaña,abril.comesaña@gmail.com
8,Manuel,Alonso,manu.alonso@gmail.com7,Pedro,Cano,pedro.cano@gmail.com
9,Lucas,Bono,lucas.bono@gmail.com

10,Abril,Comesaña,abril.comesaña@gmail.com
8,Manuel,Alonso,manu.alonso@gmail.com
7,Pedro,Cano,pedro.cano@gmail.com9,Lucas,Bono,lucas.bono@gmail.com

10,Abril,Comesaña,abril.comesaña@gmail.com
8,Manuel,Alonso,manu.alonso@gmail.com7,Pedro,Cano,pedro.cano@gmail.com

9,Lucas,Bono,lucas.bono@gmail.com
10,Abril,Comesaña,abril.comesaña@gmail.com
8,Manuel,Alonso,manu.alonso@gmail.com
9,Lucas,Bono,lucas.bono@gmail.com
7,Pedro,Cano,pedro.cano@gmail.com10,Abril,Comesaña,abril.comesaña@gmail.com

8,Manuel,Alonso,manu.alonso@gmail.com
9,Lucas,Bono,lucas.bono@gmail.com
7,Pedro,Cano,pedro.cano@gmail.com10,Abril,Comesaña,abril.comesaña@gmail.com

8,Manuel,Alonso,manu.alonso@gmail.com
9,Lucas,Bono,lucas.bono@gmail.com
7,Pedro,Cano,pedro.cano@gmail.com10,Abril,Comesaña,abril.comesaña@gmail.com

7,Pedro,Cano,pedro.cano@gmail.com
8,Manuel,Alonso,manu.alonso@gmail.com
9,Lucas,Bono,lucas.bono@gmail.com
10,Abril,Comesaña,abril.comesaña@gmail.com
7,Pedro,Cano,pedro.cano@gmail.com
8,Manuel,Alonso,manu.alonso@gmail.com
9,Lucas,Bono,lucas.bono@gmail.com
10,Abril,Comesaña,abril.comesaña@gmail.com
7,Pedro,Cano,pedro.cano@gmail.com
8,Manuel,Alonso,manu.alonso@gmail.com
9,Lucas,Bono,lucas.bono@gmail.com
10,Abril,Comesaña,abril.comesaña@gmail.com
8,Manuel,Alonso,manu.alonso@gmail.com7,Pedro,Cano,pedro.cano@gmail.com

9,Lucas,Bono,lucas.bono@gmail.com
10,Abril,Comesaña,abril.comesaña@gmail.com
8,Manuel,Alonso,manu.alonso@gmail.com
9,Lucas,Bono,lucas.bono@gmail.com
10,Abril,Comesaña,abril.comesaña@gmail.com
7,Pedro,Cano,pedro.cano@gmail.com
7,Pedro,Cano,pedro.cano@gmail.com
8,Manuel,Alonso,manu.alonso@gmail.com
9,Lucas,Bono,lucas.bono@gmail.com
10,Abril,Comesaña,abril.comesaña@gmail.com
7,Pedro,Cano,pedro.cano@gmail.com
8,Manuel,Alonso,manu.alonso@gmail.com
9,Lucas,Bono,lucas.bono@gmail.com
10,Abril,Comesaña,abril.comesaña@gmail.com
7,Pedro,Cano,pedro.cano@gmail.com
8,Manuel,Alonso,manu.alonso@gmail.com
9,Lucas,Bono,lucas.bono@gmail.com
10,Abril,Comesaña,abril.comesaña@gmail.com
7,Pedro,Cano,pedro.cano@gmail.com
8,Manuel,Alonso,manu.alonso@gmail.com
9,Lucas,Bono,lucas.bono@gmail.com
10,Abril,Comesaña,abril.comesaña@gmail.com
7,Pedro,Cano,pedro.cano@gmail.com
8,Manuel,Alonso,manu.alonso@gmail.com
9,Lucas,Bono,lucas.bono@gmail.com
10,Abril,Comesaña,abril.comesaña@gmail.com
